id,title,url
2,Ariel,"https://m.media-amazon.com/images/M/MV5BOGU5OGVlNjEtNTE3Ny00YWZkLThlMmQtYjlkNmNjNTA1OGY5XkEyXkFqcGdeQXVyMjI0MjMwMzQ@._V1_QL75_UY281_CR4,0,190,281_.jpg"
3,Shadows in Paradise,"https://m.media-amazon.com/images/M/MV5BOWQ5NDdjNWItNzI5Zi00YWRiLWFjODUtOTMwODU5NWE2N2ZkXkEyXkFqcGdeQXVyMDI2NDg0NQ@@._V1_QL75_UY281_CR4,0,190,281_.jpg"
5,Four Rooms,"https://m.media-amazon.com/images/M/MV5BNDc3Y2YwMjUtYzlkMi00MTljLTg1ZGMtYzUwODljZTI1OTZjXkEyXkFqcGdeQXVyMTQxNzMzNDI@._V1_QL75_UX190_CR0,0,190,281_.jpg"
6,Judgment Night,"https://m.media-amazon.com/images/M/MV5BMzJlNDQ1NjUtMmMzZS00NjcxLTg3YzQtYzllNmM3ZjE0OWJlXkEyXkFqcGdeQXVyMTQxNzMzNDI@._V1_QL75_UX190_CR0,1,190,281_.jpg"
11,Star Wars,"https://m.media-amazon.com/images/M/MV5BNzVlY2MwMjktM2E4OS00Y2Y3LWE3ZjctYzhkZGM3YzA1ZWM2XkEyXkFqcGdeQXVyNzkwMjQ5NzM@._V1_QL75_UX190_CR0,7,190,281_.jpg"
12,Finding Nemo,"https://m.media-amazon.com/images/M/MV5BZTAzNWZlNmUtZDEzYi00ZjA5LWIwYjEtZGM1NWE1MjE4YWRhXkEyXkFqcGdeQXVyNjU0OTQ0OTY@._V1_QL75_UX190_CR0,1,190,281_.jpg"
13,Forrest Gump,"https://m.media-amazon.com/images/M/MV5BNWIwODRlZTUtY2U3ZS00Yzg1LWJhNzYtMmZiYmEyNmU1NjMzXkEyXkFqcGdeQXVyMTQxNzMzNDI@._V1_QL75_UY281_CR2,0,190,281_.jpg"
14,American Beauty,"https://m.media-amazon.com/images/M/MV5BNTBmZWJkNjctNDhiNC00MGE2LWEwOTctZTk5OGVhMWMyNmVhXkEyXkFqcGdeQXVyMTMxODk2OTU@._V1_QL75_UX190_CR0,0,190,281_.jpg"
15,Citizen Kane,"https://m.media-amazon.com/images/M/MV5BYjBiOTYxZWItMzdiZi00NjlkLWIzZTYtYmFhZjhiMTljOTdkXkEyXkFqcGdeQXVyNzkwMjQ5NzM@._V1_QL75_UX190_CR0,2,190,281_.jpg"
16,Dancer in the Dark,"https://m.media-amazon.com/images/M/MV5BNDVkYWMxNWEtNjc2MC00OGI5LWI3NmUtYWUwNDQyOTc3YmY5XkEyXkFqcGdeQXVyMTQxNzMzNDI@._V1_QL75_UY281_CR1,0,190,281_.jpg"
17,The Dark,"https://m.media-amazon.com/images/M/MV5BODMxYmZhOTctNmFhYy00MWQ2LThhYTktZTg5NmMyMmQ4MjAwXkEyXkFqcGdeQXVyMzM4MjM0Nzg@._V1_QL75_UY281_CR4,0,190,281_.jpg"
18,The Fifth Element,"https://m.media-amazon.com/images/M/MV5BZWFjYmZmZGQtYzg4YS00ZGE5LTgwYzAtZmQwZjQ2NDliMGVmXkEyXkFqcGdeQXVyNTUyMzE4Mzg@._V1_QL75_UY281_CR3,0,190,281_.jpg"
19,Metropolis,"https://m.media-amazon.com/images/M/MV5BMTg5YWIyMWUtZDY5My00Zjc1LTljOTctYmI0MWRmY2M2NmRkXkEyXkFqcGdeQXVyMTMxODk2OTU@._V1_QL75_UY281_CR0,0,190,281_.jpg"
20,My Life Without Me,"https://m.media-amazon.com/images/M/MV5BNTkxNWE5NzUtZWNkMy00NjQ2LTkwZjAtOGZjYWI4NWE2NDcwXkEyXkFqcGdeQXVyMTMxODk2OTU@._V1_QL75_UX190_CR0,0,190,281_.jpg"
21,The Endless Summer,"https://m.media-amazon.com/images/M/MV5BMjEzODQ1Njg4M15BMl5BanBnXkFtZTgwODIyOTcwMjE@._V1_QL75_UX190_CR0,0,190,281_.jpg"
22,Pirates of the Caribbean: The Curse of the Black Pearl,"https://m.media-amazon.com/images/M/MV5BNGYyZGM5MGMtYTY2Ni00M2Y1LWIzNjQtYWUzM2VlNGVhMDNhXkEyXkFqcGdeQXVyMTMxODk2OTU@._V1_QL75_UX190_CR0,1,190,281_.jpg"
24,Kill Bill: Vol. 1,"https://m.media-amazon.com/images/M/MV5BNzM3NDFhYTAtYmU5Mi00NGRmLTljYjgtMDkyODQ4MjNkMGY2XkEyXkFqcGdeQXVyNzkwMjQ5NzM@._V1_QL75_UX190_CR0,2,190,281_.jpg"
25,Jarhead,"https://m.media-amazon.com/images/M/MV5BYmMyNGM4NWItYjgwYS00N2Q2LWJmY2YtY2ViNWYwMzRhODlmXkEyXkFqcGdeQXVyMTQxNzMzNDI@._V1_QL75_UY281_CR0,0,190,281_.jpg"
26,Walk on Water,"https://m.media-amazon.com/images/M/MV5BNDM2NzVjMzMtZmE5Yy00MzAyLTg0YzktMjA2NmI2OWE4ZDA5XkEyXkFqcGdeQXVyNjc3MjQzNTI@._V1_QL75_UY281_CR4,0,190,281_.jpg"
27,9 Songs,"https://m.media-amazon.com/images/M/MV5BOGRiYjgwMmYtYWRjNi00MzkwLWJlOGUtYTg1ZThhODk3YWY0XkEyXkFqcGdeQXVyNTM0NTU5Mg@@._V1_QL75_UY281_CR0,0,190,281_.jpg"
28,Apocalypse Now,"https://m.media-amazon.com/images/M/MV5BMDdhODg0MjYtYzBiOS00ZmI5LWEwZGYtZDEyNDU4MmQyNzFkXkEyXkFqcGdeQXVyNzkwMjQ5NzM@._V1_QL75_UX190_CR0,2,190,281_.jpg"
30,Magnetic Rose,"https://m.media-amazon.com/images/M/MV5BYzI0N2JmNTctMDA4Yi00ZjExLWJlZTAtYmM0ODc2ZmY1NGM4XkEyXkFqcGdeQXVyOTUzMjk0NDE@._V1_QL75_UY281_CR2,0,190,281_.jpg"
33,Unforgiven,"https://m.media-amazon.com/images/M/MV5BODM3YWY4NmQtN2Y3Ni00OTg0LWFhZGQtZWE3ZWY4MTJlOWU4XkEyXkFqcGdeQXVyNjU0OTQ0OTY@._V1_QL75_UX190_CR0,2,190,281_.jpg"
35,The Simpsons Movie,"https://m.media-amazon.com/images/M/MV5BMTgxMDczMTA5N15BMl5BanBnXkFtZTcwMzk1MzMzMw@@._V1_QL75_UX190_CR0,4,190,281_.jpg"
38,Eternal Sunshine of the Spotless Mind,"https://m.media-amazon.com/images/M/MV5BMTY4NzcwODg3Nl5BMl5BanBnXkFtZTcwNTEwOTMyMw@@._V1_QL75_UX190_CR0,0,190,281_.jpg"
55,Amores perros,"https://m.media-amazon.com/images/M/MV5BMjQxMWJhMzMtMzllZi00NzMwLTllYjktNTcwZmU4ZmU3NTA0XkEyXkFqcGdeQXVyMTAzMDM4MjM0._V1_QL75_UY281_CR11,0,190,281_.jpg"
58,Pirates of the Caribbean: Dead Man's Chest,"https://m.media-amazon.com/images/M/MV5BMTcwODc1MTMxM15BMl5BanBnXkFtZTYwMDg1NzY3._V1_QL75_UX190_CR0,0,190,281_.jpg"
59,A History of Violence,"https://m.media-amazon.com/images/M/MV5BMTczMzIzMTQ1OV5BMl5BanBnXkFtZTYwMDQwNjk2._V1_QL75_UX190_CR0,0,190,281_.jpg"
62,2001: A Space Odyssey,"https://m.media-amazon.com/images/M/MV5BMmNlYzRiNDctZWNhMi00MzI4LThkZTctMTUzMmZkMmFmNThmXkEyXkFqcGdeQXVyNzkwMjQ5NzM@._V1_QL75_UX190_CR0,0,190,281_.jpg"
63,Twelve Monkeys,"https://m.media-amazon.com/images/M/MV5BN2Y2OWU4MWMtNmIyMy00YzMyLWI0Y2ItMTcyZDc3MTdmZDU4XkEyXkFqcGdeQXVyMTQxNzMzNDI@._V1_QL75_UX190_CR0,1,190,281_.jpg"
64,Talk to Her,"https://m.media-amazon.com/images/M/MV5BYmVmMGQ3NzEtM2FiNi00YThhLWFkZjYtM2Y0MjZjNGE4NzM0XkEyXkFqcGdeQXVyODc0OTEyNDU@._V1_QL75_UY281_CR3,0,190,281_.jpg"
65,8 Mile,"https://m.media-amazon.com/images/M/MV5BOWI3MDIzZmYtN2Y3MC00YTljLWFiYmYtNWIzMjg1ZWQ1ODlhXkEyXkFqcGdeQXVyNjU0OTQ0OTY@._V1_QL75_UX190_CR0,7,190,281_.jpg"
66,Absolute Power,"https://m.media-amazon.com/images/M/MV5BNDFlNTZmOGYtYmE0ZC00OTE4LWI5YzctNmZmZDU3M2ZiMmI4XkEyXkFqcGdeQXVyNDk3NzU2MTQ@._V1_QL75_UY281_CR1,0,190,281_.jpg"
67,Paradise Now,"https://m.media-amazon.com/images/M/MV5BNDI5ODQxNTUxMV5BMl5BanBnXkFtZTcwMTgzMDEzMQ@@._V1_QL75_UY281_CR0,0,190,281_.jpg"
68,Brazil,"https://m.media-amazon.com/images/M/MV5BMzIwM2IwYTItYmM4Zi00OWMzLTkwNjAtYWRmYWNmY2RhMDk0XkEyXkFqcGdeQXVyNjU0OTQ0OTY@._V1_QL75_UX190_CR0,3,190,281_.jpg"
69,Walk the Line,"https://m.media-amazon.com/images/M/MV5BMjIyOTU3MjUxOF5BMl5BanBnXkFtZTcwMTQ0NjYzMw@@._V1_QL75_UX190_CR0,0,190,281_.jpg"
70,Million Dollar Baby,"https://m.media-amazon.com/images/M/MV5BMTkxNzA1NDQxOV5BMl5BanBnXkFtZTcwNTkyMTIzMw@@._V1_QL75_UY281_CR1,0,190,281_.jpg"
71,Billy Elliot,"https://m.media-amazon.com/images/M/MV5BNGY3NWYwNzctNWU5Yi00ZjljLTgyNDgtZjNhZjRlNjc0ZTU1XkEyXkFqcGdeQXVyMTQxNzMzNDI@._V1_QL75_UX190_CR0,0,190,281_.jpg"
73,American History X,"https://m.media-amazon.com/images/M/MV5BZTJhN2FkYWEtMGI0My00YWM4LWI2MjAtM2UwNjY4MTI2ZTQyXkEyXkFqcGdeQXVyNjc3MjQzNTI@._V1_QL75_UX190_CR0,0,190,281_.jpg"
74,War of the Worlds,"https://m.media-amazon.com/images/M/MV5BNDUyODAzNDI1Nl5BMl5BanBnXkFtZTcwMDA2NDAzMw@@._V1_QL75_UY281_CR0,0,190,281_.jpg"
75,Mars Attacks!,"https://m.media-amazon.com/images/M/MV5BNThlMjBmOWItNjljZi00ZGU4LWJkZjgtNWU1ZjI1MTg4MzczXkEyXkFqcGdeQXVyNTIzOTk5ODM@._V1_QL75_UX190_CR0,3,190,281_.jpg"
76,Before Sunrise,"https://m.media-amazon.com/images/M/MV5BZDdiZTAwYzAtMDI3Ni00OTRjLTkzN2UtMGE3MDMyZmU4NTU4XkEyXkFqcGdeQXVyNjU0OTQ0OTY@._V1_QL75_UX190_CR0,1,190,281_.jpg"
77,Memento,"https://m.media-amazon.com/images/M/MV5BZTcyNjk1MjgtOWI3Mi00YzQwLWI5MTktMzY4ZmI2NDAyNzYzXkEyXkFqcGdeQXVyNjU0OTQ0OTY@._V1_QL75_UY281_CR1,0,190,281_.jpg"
78,Blade Runner,"https://m.media-amazon.com/images/M/MV5BNzQzMzJhZTEtOWM4NS00MTdhLTg0YjgtMjM4MDRkZjUwZDBlXkEyXkFqcGdeQXVyNjU0OTQ0OTY@._V1_QL75_UX190_CR0,1,190,281_.jpg"
79,Hero,"https://m.media-amazon.com/images/M/MV5BMWQ2MjQ0OTctMWE1OC00NjZjLTk3ZDAtNTk3NTZiYWMxYTlmXkEyXkFqcGdeQXVyMTQxNzMzNDI@._V1_QL75_UX190_CR0,0,190,281_.jpg"
80,Before Sunset,"https://m.media-amazon.com/images/M/MV5BMTQ1MjAwNTM5Ml5BMl5BanBnXkFtZTYwNDM0MTc3._V1_QL75_UY281_CR0,0,190,281_.jpg"
81,Nausica√§ of the Valley of the Wind,"https://m.media-amazon.com/images/M/MV5BZTI3NmJmYTQtNDg4NS00M2VlLTgzZDAtZWIwZDcyOWY5YzIzXkEyXkFqcGdeQXVyMTMxODk2OTU@._V1_QL75_UX190_CR0,2,190,281_.jpg"
82,Miami Vice,"https://m.media-amazon.com/images/M/MV5BMTM4MDQ5MTkxMV5BMl5BanBnXkFtZTcwMTU4MzUzMQ@@._V1_QL75_UX190_CR0,0,190,281_.jpg"
83,Open Water,"https://m.media-amazon.com/images/M/MV5BNjQ5ODAyOTk3OF5BMl5BanBnXkFtZTcwNzQ1NjYyMQ@@._V1_QL75_UX190_CR0,0,190,281_.jpg"
85,Raiders of the Lost Ark,"https://m.media-amazon.com/images/M/MV5BMjA0ODEzMTc1Nl5BMl5BanBnXkFtZTcwODM2MjAxNA@@._V1_QL75_UX190_CR0,2,190,281_.jpg"
86,The Elementary Particles,"https://m.media-amazon.com/images/M/MV5BY2I4ZWRlNjQtZDc3YS00Yzc1LTkwMzgtMjBhYjYyMmMyNzViL2ltYWdlL2ltYWdlXkEyXkFqcGdeQXVyMzA3Njg4MzY@._V1_QL75_UY281_CR4,0,190,281_.jpg"
